acc_x[mg],acc_y[mg],acc_z[mg]
231.068,966.24,-87.108
249.124,975.268,-109.556
237.412,978.684,-116.632
214.72,978.196,-82.228
226.676,974.048,-96.868
226.92,968.68,-97.356
243.756,964.532,-97.112
233.996,970.632,-106.872
220.088,971.608,-86.864
224.48,975.268,-94.672
215.94,970.388,-91.256
223.748,966.24,-91.5
227.652,965.508,-100.772
227.408,967.948,-94.672
227.896,968.436,-92.964
228.384,964.288,-99.308
222.528,962.336,-99.308
212.524,961.116,-97.6
212.524,963.556,-99.064
220.576,960.384,-93.208
230.824,959.408,-108.336
229.36,964.532,-96.38
227.896,963.068,-94.184
225.7,964.776,-89.792
219.6,965.508,-86.132
237.168,966.972,-108.824
219.356,972.584,-93.94
227.164,972.34,-100.04
218.136,969.412,-101.26
217.16,962.824,-95.16
223.504,964.288,-100.528
222.284,963.556,-92.232
227.408,963.312,-99.552
217.16,971.364,-97.356
223.26,977.22,-102.968
214.72,978.44,-95.16
206.18,974.292,-83.692
215.208,971.852,-93.452
219.6,969.412,-94.428
233.02,966.728,-108.092
219.112,973.56,-91.5
225.7,970.876,-89.06
221.064,965.508,-99.064
216.916,966.484,-91.256
231.8,971.852,-87.84
231.556,969.9,-83.204
231.312,964.288,-83.204
228.628,964.044,-88.816
223.016,967.46,-89.548
216.184,967.948,-87.596
210.572,963.8,-96.38
206.668,967.704,-89.548
217.16,969.412,-89.304
226.432,969.9,-92.964
228.628,970.876,-96.136
228.628,975.756,-95.16
221.064,973.804,-90.524
213.744,971.608,-86.376
219.6,965.508,-93.208
219.844,966.728,-91.5
222.528,966.728,-90.28
215.452,968.68,-92.232
228.628,967.948,-96.624
217.892,969.412,-86.62
227.408,971.608,-94.672
215.696,972.828,-79.056
221.552,970.388,-90.036
218.38,974.048,-92.72
209.84,974.536,-89.548
218.136,971.364,-92.232
223.26,973.56,-110.288
223.016,974.78,-91.5
222.04,968.68,-91.012
218.868,964.288,-92.72
210.084,963.556,-76.616
220.332,961.848,-95.892
211.548,960.384,-82.472
213.988,955.992,-94.184
220.576,964.288,-90.768
221.796,968.192,-85.4
223.016,962.58,-82.228
218.136,964.288,-85.156
216.184,970.388,-79.544
222.04,976.488,-85.888
221.064,978.684,-91.744
216.184,976.976,-90.768
227.652,977.464,-101.992
215.452,977.464,-88.084
226.676,970.632,-93.94
221.796,969.656,-93.208
214.964,973.56,-84.18
203.496,973.316,-69.052
196.42,969.412,-60.268
194.468,974.292,-63.196
212.036,994.788,-86.132
259.616,1003.572,-120.78
249.856,1011.868,-103.944
266.936,1007.72,-109.068
244.732,991.86,-95.16
245.708,963.8,-101.992
226.92,950.38,-95.892
222.04,950.136,-104.188
200.08,951.356,-77.104
246.44,941.108,-105.652
219.356,950.136,-81.74
231.312,940.864,-66.368
250.1,939.156,-90.768
233.752,942.572,-58.804
236.68,939.644,-66.856
213.012,948.672,-67.588
229.848,950.868,-66.368
238.632,950.136,-77.104
232.532,968.192,-91.5
222.772,978.928,-68.32
217.892,976.488,-71.492
210.084,970.632,-70.76
221.796,968.192,-77.592
239.364,983.808,-117.852
235.216,996.252,-91.5
239.852,994.788,-87.352
219.844,981.368,-81.496
211.792,972.096,-58.56
218.624,965.508,-70.028
224.236,971.364,-83.936
231.8,982.1,-87.84
212.28,994.056,-85.4
213.5,1006.988,-69.296
196.908,1015.772,-53.192
189.344,1034.804,-50.508
156.892,1057.252,-42.212
105.408,1090.68,-45.872
43.188,1098.976,-89.792
-46.116,1071.648,-153.964
0.244,1098.0,-179.828
1.464,1018.212,-180.072
64.172,938.18,-153.964
157.38,745.908,-114.924
110.776,561.444,66.368
287.432,372.344,3.172
311.344,197.396,86.132
484.34,28.548,101.992
903.288,-92.964,132.98
883.524,-206.424,225.212
1074.332,-304.512,131.76
1169.492,-323.3,-65.636
1191.94,-217.16,-83.448
1194.624,-222.284,57.828
1222.684,-283.04,111.02
1291.248,-364.048,9.028
1190.964,-370.392,173.728
1121.668,-383.812,281.332
1123.864,-392.108,247.172
1250.012,-388.936,217.648
1301.008,-342.82,208.62
1423.252,-268.156,186.416
1477.664,-254.98,250.344
1655.784,-257.908,258.884
1858.304,-277.672,248.148
1917.596,-329.644,256.2
1932.236,-328.912,272.304
1964.688,-288.408,281.82
1974.936,-272.304,265.228
1848.3,-281.576,241.804
1850.74,-257.664,111.264
1697.752,-223.26,121.024
1596.248,-200.812,34.648
1327.36,-218.624,86.864
1242.448,-257.176,32.696
1026.264,-255.224,-9.76
888.648,-119.072,37.088
693.936,-142.984,99.308
633.668,-228.872,39.284
599.996,-256.2,5.124
548.024,-294.752,-121.756
460.184,-159.088,-23.912
347.7,-45.384,-112.24
406.992,21.96,-311.344
598.532,48.068,-625.616
606.34,112.484,-718.336
586.088,199.104,-792.268
575.84,198.128,-891.82
575.84,279.624,-978.928
499.224,273.768,-990.884
493.368,233.264,-999.668
366.976,165.676,-935.008
223.504,173.24,-778.36
85.4,124.928,-591.212
-48.312,90.524,-360.876
-19.52,-30.744,-84.18
70.516,-142.008,132.98
93.452,-246.684,336.476
113.704,-148.352,497.516
214.964,-170.556,507.764
409.92,-150.548,596.824
554.612,-53.924,704.428
593.652,-103.212,832.284
816.912,-188.856,757.132
939.888,-140.544,858.88
1047.248,-160.796,958.432
1157.292,-254.98,969.168
1252.94,-239.364,997.96
1288.808,-272.548,1001.132
1270.996,-243.756,1112.64
1349.076,-278.16,1016.748
1423.74,-304.756,888.648
1400.072,-226.92,925.492
1417.396,-213.012,862.784
1551.84,-304.268,629.276
1643.096,-448.472,353.556
1758.752,-452.376,81.984
1555.744,-390.4,47.824
1470.832,-365.024,-27.328
1565.748,-373.32,-293.776
1533.052,-323.3,-480.192
1436.184,-202.276,-507.52
1331.508,-207.888,-489.952
1357.86,-246.196,-513.864
1265.384,-259.128,-444.324
1177.056,-223.016,-328.424
1189.988,-232.776,-269.376
1368.596,-227.652,-260.348
1422.52,-299.876,-140.3
1416.176,-350.628,-117.364
1531.1,-362.828,52.216
1696.776,-394.304,142.008
1675.304,-488.488,34.16
1497.672,-453.84,-4.636
1123.376,-397.964,111.996
864.248,-167.14,231.068
715.164,-43.92,-116.876
-706.868,333.792,370.392
-756.4,908.412,424.56
61.976,790.56,-129.808
-636.108,733.708,89.792
-439.688,701.012,-82.716
-561.688,717.848,-57.34
-525.088,789.584,-74.664
-439.688,875.716,-135.176
-353.312,953.064,-143.472
-275.232,991.128,-113.704
-198.372,1002.84,-56.364
-80.276,1007.964,-175.192
-95.404,1059.204,-103.944
11.956,1060.668,-135.908
-17.324,1062.864,-154.94
-14.152,1067.256,-123.708
-10.736,1058.472,-165.432
-46.604,1043.588,-167.14
-29.036,1011.624,-132.004
-20.252,978.928,-123.464
16.104,946.964,-121.268
40.26,953.796,-154.208
40.26,964.044,-157.868
7.076,955.992,-133.468
3.416,923.052,-119.804
32.94,893.772,-120.292
30.744,899.14,-108.336
36.6,899.872,-84.18
68.32,880.84,-112.972
64.416,884.012,-72.468
91.744,885.964,-57.584
64.904,876.448,-49.288
76.86,861.32,-75.64
91.988,868.884,-97.112
79.3,893.528,-50.508
78.812,899.384,-70.516
56.12,886.696,-61.0
84.424,870.104,-75.152
93.452,895.236,-113.704
70.76,916.464,-87.84
112.972,917.44,-121.756
75.64,915.976,-101.992
83.692,916.464,-54.168
125.66,920.368,-59.048
166.408,934.52,-44.164
174.46,931.836,-4.148
147.376,922.564,-24.644
134.444,935.496,-67.344
128.344,984.296,-25.376
213.744,1011.136,-65.148
233.264,1062.132,-74.664
226.432,1064.572,-19.764
245.22,1022.116,-49.776
276.696,983.808,-94.916
265.716,998.204,-82.716
211.304,1008.452,-31.72
225.456,1011.868,-43.676
259.616,1005.036,-59.048
312.076,1015.772,-85.888
386.252,1029.192,-114.192
345.26,1037.976,-27.816
313.052,1011.136,-30.988
278.648,1008.94,-3.66
302.316,1046.272,-57.828
294.02,1096.048,-130.784
245.464,1122.644,-145.18
262.056,1124.108,-180.56
244.244,1139.236,-198.128
251.32,1148.752,-152.256
277.916,1125.816,-125.416
266.936,1083.36,-107.116
281.332,1036.756,-113.216
287.92,1031.632,-129.808
252.296,1044.32,-155.184
224.236,1057.252,-174.704
226.92,1056.032,-204.472
225.212,1047.98,-207.4
258.884,1024.556,-211.548
261.812,996.008,-174.216
298.412,949.892,-159.576
313.54,906.704,-115.412
306.464,886.208,-85.644
345.992,886.94,-77.592
336.72,891.576,-48.068
354.288,899.628,-46.848
388.448,908.412,-101.748
365.268,910.364,-111.996
364.048,905.728,-91.5
317.444,901.58,-51.728
281.088,912.804,-26.596
237.412,924.028,11.224
126.88,925.248,49.776
183.244,927.688,-20.008
258.64,916.22,-104.188
209.108,856.684,-104.676
242.048,792.756,-114.192
211.304,636.84,-207.156
416.752,538.752,-163.724
627.324,368.44,-269.132
925.98,310.368,-367.22
741.516,124.44,-193.98
704.184,64.66,126.88
829.112,-190.32,347.7
1439.6,-262.056,147.132
1346.636,-364.292,-219.356
1342.244,-141.276,-278.648
999.912,-179.828,-27.084
1094.096,-275.964,34.404
1249.768,-402.844,-26.108
1375.916,-446.764,0.244
1160.708,-412.604,30.012
1085.8,-306.464,49.288
1019.188,-284.504,112.24
1107.028,-269.62,53.68
1092.632,-253.272,109.312
1126.548,-240.828,147.132
1343.708,-185.44,121.268
1627.48,-133.468,19.52
1831.464,-78.08,91.5
1918.084,-126.392,332.328
2058.14,-270.108,552.416
2247.972,-526.064,572.424
2288.72,-642.696,355.02
2281.156,-578.28,21.472
2010.804,-427.732,-131.76
1829.512,-225.7,-181.292
1554.28,-259.616,-37.088
1325.896,-338.916,-15.372
1136.552,-368.196,-61.732
1014.796,-348.676,-34.648
759.084,-332.816,98.332
438.712,-341.844,226.432
278.648,-388.204,223.992
244.732,-347.7,183.732
92.964,-268.4,111.508
175.924,-108.824,20.496
342.332,-223.992,-233.752
747.616,-298.656,-489.464
737.612,-254.248,-604.388
793.732,-202.764,-869.372
866.2,-116.632,-1148.02
923.296,-99.308,-1277.096
793.244,-52.704,-1216.34
689.056,-85.4,-1070.672
527.772,-138.104,-915.0
315.004,-126.392,-738.588
117.608,-98.332,-518.988
9.516,-101.504,-397.232
-18.544,-94.672,-182.756
-39.528,-76.86,8.54
-22.204,-110.532,152.988
18.3,-153.964,210.084
203.496,-165.432,183.976
268.4,-121.512,310.856
177.876,-117.364,418.704
148.84,-147.132,503.372
303.048,-86.132,701.012
575.84,-41.968,916.952
923.296,-212.28,935.496
1023.336,-256.688,981.612
1200.968,-213.012,1031.144
1227.076,-193.248,1251.72
1370.06,-189.588,1172.176
1641.388,-327.692,911.096
1772.416,-489.464,645.38
1679.696,-320.616,600.24
1281.976,-189.832,848.144
1233.42,-271.084,869.616
1502.552,-445.056,525.332
1678.72,-461.16,279.624
1583.804,-331.84,279.38
1375.428,-354.044,382.836
1454.972,-553.88,213.012
1550.376,-660.508,-60.268
1505.236,-627.08,-239.12
1417.64,-582.428,-359.168
1338.34,-530.7,-460.184
1369.816,-505.812,-606.584
1302.96,-477.02,-676.856
1285.636,-399.672,-633.912
1192.428,-405.528,-509.716
1133.38,-409.676,-443.836
1118.496,-384.3,-424.072
1090.924,-349.896,-318.664
1049.2,-337.452,-250.588
1016.992,-323.056,-203.74
904.996,-316.712,-127.124
956.968,-200.812,-103.7
1038.952,-171.288,-38.308
1229.272,-183.0,33.916
1144.848,-314.272,68.076
1115.568,-288.408,173.24
1137.772,-219.6,257.176
1376.404,-236.192,216.916
1664.08,-308.416,61.488
1398.608,-332.328,59.78
1078.48,-69.54,16.348
781.044,129.808,-13.176
758.84,260.592,-130.54
320.128,546.072,115.9
-397.232,946.964,301.584
-381.86,1027.484,191.54
74.176,918.904,-127.368
-122.488,905.972,-217.16
-144.936,990.152,-321.836
-213.012,982.588,-204.472
-91.256,928.908,-243.512
-80.032,965.752,-128.588
71.248,985.028,-23.424
148.596,969.9,-18.3
122.976,990.396,95.648
249.368,994.544,44.408
235.704,1010.404,14.152
302.804,1016.748,5.368
268.4,1014.308,-30.744
328.668,1000.156,-97.844
255.712,1024.312,-132.248
188.856,1018.212,-105.408
249.368,1006.5,-222.772
182.512,1019.188,-153.72
176.168,991.128,-96.136
139.812,946.232,-79.544
159.332,935.496,-63.44
110.288,918.416,18.788
132.98,893.04,2.196
255.224,881.084,-65.636
264.252,922.808,-64.416
237.9,962.58,-32.208
241.072,979.416,-36.112
195.932,989.42,-8.052
224.48,997.472,-24.888
201.544,1006.988,6.344
292.068,982.344,-57.34
263.276,947.94,-20.008
304.756,920.368,2.196
283.04,916.464,-13.42
215.452,924.028,2.196
187.636,922.564,-17.568
192.028,917.196,-55.388
181.292,917.684,-79.544
184.22,917.196,-59.536
250.832,896.7,-81.252
247.904,883.768,-57.34
245.708,896.456,-6.344
237.168,898.652,26.596
240.584,888.892,11.956
245.22,902.312,-28.06
196.176,940.864,-15.616
192.76,947.696,-26.84
201.788,935.496,-28.304
207.156,925.98,-50.264
222.284,941.108,-65.392
238.876,952.088,-62.22
238.144,957.456,-74.176
234.484,954.284,-48.312
215.452,955.26,-50.264
243.268,953.552,-55.144
196.176,965.264,-56.12
186.416,976.244,-40.26
223.748,986.736,-58.804
270.84,987.468,-73.444
280.844,984.784,-93.208
243.024,1026.264,-78.812
227.408,1054.568,-65.88
244.976,1059.448,-88.816
297.192,1059.204,-138.592
323.056,1037.732,-155.672
294.508,1012.112,-175.192
204.228,1018.212,-90.768
233.508,1013.576,-114.192
208.132,997.716,-100.528
212.28,973.072,-95.16
191.052,1011.136,-63.684
230.824,1035.292,-65.88
228.628,1034.072,-59.536
195.2,1036.268,-24.156
206.912,1048.468,-19.764
216.428,1037.488,-33.916
181.536,1032.364,-18.056
169.58,1055.056,11.224
170.312,1073.6,30.012
212.768,1068.476,3.66
206.424,1063.352,19.52
238.144,1033.34,-3.172
220.576,994.788,-7.564
197.64,962.824,-5.856
193.004,958.432,-14.152
164.944,975.024,-23.424
154.452,992.104,-15.616
148.596,984.54,-31.72
108.824,962.336,-27.816
115.656,952.088,-37.088
114.192,947.452,-46.36
204.472,936.472,-146.888
325.496,940.376,-194.712
347.212,924.76,-110.532
368.928,853.024,-78.08
416.264,747.616,-87.108
508.252,659.044,-105.896
503.86,571.204,-76.86
470.676,494.588,-42.7
558.516,393.572,18.788
468.724,239.12,96.136
559.98,158.112,107.848
1001.376,76.372,-24.888
845.46,-42.7,-4.636
905.484,15.616,-26.596
1204.14,-77.836,-33.916
1268.556,-247.416,-91.988
988.932,-208.864,176.168
1042.856,-212.768,164.944
1223.66,-242.78,136.152
1238.056,-230.824,163.236
1288.808,-228.872,117.608
1181.692,-239.12,160.552
1176.08,-236.924,191.296
1141.92,-244.976,216.184
1336.388,-195.444,99.552
1342.488,-167.384,32.452
1437.16,-52.704,113.948
1648.22,-52.704,100.772
1866.356,-102.968,183.0
2096.936,-138.592,295.24
2170.624,-282.796,259.616
1924.184,-270.84,339.16
1947.364,-218.38,266.692
1756.8,-189.832,208.376
1601.128,-154.94,182.756
1555.5,-150.792,59.536
1384.7,-196.42,118.584
1370.304,-291.58,88.572
1125.084,-389.424,117.12
1007.476,-381.128,163.968
806.908,-412.604,259.128
741.272,-421.388,182.512
792.268,-462.136,11.224
626.104,-437.004,-71.248
683.444,-437.98,-299.632
757.376,-406.504,-493.368
755.424,-393.328,-633.912
678.808,-323.056,-671.488
455.548,-251.564,-602.192
451.156,-250.832,-539.972
414.312,-223.504,-519.964
346.968,-131.272,-475.8
426.756,-104.188,-494.344
402.112,-93.208,-471.652
316.224,-40.26,-410.408
294.996,21.96,-397.72
118.34,19.52,-263.764
244.488,21.228,-264.008
208.864,-8.784,-173.484
233.996,27.572,-124.196
349.408,51.484,-18.544
345.992,54.168,117.852
386.008,78.08,173.972
510.936,86.132,327.692
538.508,102.968,575.596
658.312,51.728,654.408
918.416,0.732,691.984
961.116,-112.24,698.816
1177.544,-125.904,712.48
1455.704,-139.324,783.484
1281.488,-170.556,930.616
1416.176,-148.84,854.976
1551.352,-164.212,756.4
1609.668,-134.688,777.14
1485.472,-195.444,791.048
1301.252,-247.172,852.536
1220.732,-293.776,689.056
1318.332,-365.756,450.912
1623.332,-384.788,0.244
1466.684,-419.924,-246.196
1437.404,-319.884,-441.884
1355.908,-331.84,-502.64
1400.56,-378.2,-588.04
1446.676,-454.084,-668.56
1344.196,-442.616,-659.776
1275.388,-387.716,-604.388
1138.504,-370.88,-470.676
1122.4,-357.948,-407.48
1079.7,-368.928,-298.168
1078.968,-356.484,-238.144
1103.856,-352.824,-159.332
1070.428,-339.16,-165.92
1026.752,-250.1,-133.712
1016.26,-208.376,-105.408
956.236,-203.496,-67.832
970.144,-207.644,-16.836
1035.78,-200.812,13.908
1038.952,-193.98,63.928
931.348,-192.516,118.584
1097.024,-184.22,151.28
1152.412,-196.42,239.608
1397.388,-187.148,243.512
1508.408,-255.468,213.988
1148.996,-313.54,278.892
1205.36,-129.564,223.26
1179.984,-77.348,193.004
1319.308,30.256,94.184
1429.84,-1.952,-164.212
1083.848,-10.736,73.688
765.428,-0.732,193.004
617.808,143.228,-40.26
578.768,340.136,-183.732
-61.976,708.088,158.356
-656.36,960.14,178.364
-488.488,1036.024,69.296
75.396,970.876,-173.484
-158.6,904.508,-91.5
-179.828,851.56,-41.48
-185.44,882.792,91.988
-33.916,942.328,24.156
30.5,1026.996,61.488
37.82,1047.004,99.796
145.424,1029.924,-11.224
113.46,1016.992,10.248
154.696,1002.352,-73.688
197.64,1012.6,-201.544
142.74,1057.008,-149.816
90.28,1043.344,-141.764
104.92,1014.064,-211.304
22.204,1036.024,-152.256
-45.628,1025.288,-79.056
-4.88,975.756,-86.62
63.196,938.18,-75.884
64.416,934.764,-33.916
123.22,945.744,-47.336
71.98,969.656,-18.788
6.588,975.756,10.248
60.268,1012.844,-47.58
76.86,1027.728,-77.348
76.616,1033.584,-89.06
145.912,1010.404,-120.78
166.164,1000.888,-95.892
157.136,994.056,-60.268
171.044,1010.404,-35.38
183.976,1009.672,-25.132
132.492,989.42,6.588
128.1,957.456,-9.516
132.248,934.764,-27.084
76.372,956.48,-15.616
50.264,967.948,-8.54
67.588,978.196,-35.38
83.204,1000.156,-49.288
94.428,1022.116,-55.876
139.568,1018.212,-67.832
223.992,1002.108,-121.024
157.136,1014.308,-66.856
182.756,1006.988,-80.764
141.764,989.908,-58.56
123.464,980.392,-57.584
108.092,983.32,-67.832
89.792,977.22,-64.416
72.468,959.408,-60.512
120.048,956.48,-94.428
130.296,969.9,-102.48
117.608,983.564,-88.084
151.036,1006.012,-87.84
155.672,1011.868,-70.76
165.432,1008.94,-59.78
165.432,1003.816,-45.872
200.08,982.588,-78.08
128.588,982.1,-41.724
116.388,957.944,-35.624
136.152,949.404,-57.584
73.688,971.608,-14.152
58.316,966.728,-5.856
68.32,956.968,-30.012
95.648,964.044,-63.928
95.648,966.484,-63.196
150.06,959.652,-98.82
209.108,967.216,-153.72
148.596,993.324,-82.472
155.184,989.664,-65.636
136.64,977.952,-44.408
118.584,964.044,-22.936
55.144,950.136,-12.2
40.748,948.672,-11.468
124.196,942.084,-30.256
150.304,940.864,-35.136
234.484,940.376,-88.328
296.216,961.116,-121.024
332.084,966.484,-102.236
363.804,963.068,-89.792
278.404,944.036,-62.464
288.408,949.892,-35.38
407.236,927.932,-7.808
479.46,898.652,-31.476
451.4,870.836,-72.224
369.172,912.072,-60.756
297.924,859.124,40.748
463.844,810.324,43.676
705.892,740.54,33.428
667.584,675.88,73.932
517.524,648.308,45.872
776.408,605.852,1.22
669.78,489.708,161.284
531.676,298.656,179.584
1129.232,267.912,41.48
1172.664,168.848,4.88
995.764,176.9,-37.088
1123.864,197.884,-219.6
1199.992,103.944,-221.796
1367.132,-41.724,-172.996
1274.168,-264.496,211.792
1199.26,-512.4,574.864
1118.984,-713.212,712.48
1098.488,-669.292,469.7
1133.38,-432.368,186.172
1163.88,-266.204,142.008
1072.868,-226.188,186.172
1083.116,-237.9,203.496
1013.82,-294.752,297.68
870.104,-314.516,279.868
905.728,-232.044,95.404
783.728,-149.572,89.548
725.412,-99.796,49.776
772.26,-127.856,25.62
783.972,-144.204,31.476
801.296,-144.936,68.32
742.736,-209.84,77.348
908.412,-202.764,27.328
980.636,-262.3,60.268
1025.044,-310.124,130.052
1104.344,-348.432,134.688
1088.728,-363.804,120.292
1195.6,-321.836,80.032
1342.488,-316.712,10.492
1329.556,-305.732,4.392
1427.156,-317.444,-0.488
1424.96,-341.356,55.876
1512.068,-351.36,48.8
1708.244,-320.86,-59.292
1658.468,-311.344,48.068
1693.116,-293.288,84.668
1780.712,-317.444,60.756
1543.3,-377.712,146.888
1571.36,-320.128,51.728
1490.84,-363.072,-74.42
1038.952,-362.828,10.004
872.544,-238.144,-17.568
512.888,-226.676,-108.336
414.068,-165.432,-100.284
200.568,-184.22,-71.004
235.216,-109.068,-78.568
269.376,-66.124,-176.9
361.364,34.404,-211.792
564.372,70.272,-305.732
597.8,36.6,-274.988
611.22,12.932,-276.208
700.28,6.1,-334.524
840.092,62.22,-336.964
854.732,53.924,-349.896
802.516,68.564,-323.544
850.096,140.3,-330.376
849.608,114.436,-271.328
873.276,64.66,-329.4
1082.628,74.908,-516.06
1086.044,114.68,-568.276
1303.692,142.252,-897.432
1298.812,115.168,-1212.192
1065.06,154.94,-1483.52
934.764,121.756,-1648.708
732.0,53.192,-1617.72
414.312,-41.724,-1390.556
263.276,-67.588,-1066.036
211.792,-242.292,-757.864
19.52,-416.264,-191.784
44.896,-357.704,105.896
-30.012,-555.832,637.084
85.4,-583.892,1215.364
81.496,-579.012,1541.348
104.432,-422.852,1733.864
597.556,-411.384,1889.536
935.496,-350.14,2083.028
1179.74,-401.868,1779.492
1683.112,-409.188,1470.1
2012.756,-395.768,1087.02
1971.276,-360.876,831.552
1921.256,-404.796,496.296
1937.116,-431.148,162.992
1753.14,-395.28,-122.0
1440.576,-309.148,-182.512
1298.812,-263.032,-268.4
1453.264,-335.5,-575.84
1693.848,-428.464,-839.848
1743.38,-398.94,-987.956
1487.18,-350.628,-813.008
1267.336,-325.008,-631.228
1077.016,-272.06,-535.824
1150.704,-212.28,-491.66
1190.964,-203.008,-463.112
1206.336,-184.952,-385.032
1209.264,-186.66,-333.06
1065.548,-203.496,-198.128
1103.612,-133.956,-210.572
1116.056,-163.48,-111.508
1191.452,-211.304,-38.796
1284.66,-253.76,136.396
1219.024,-242.536,90.524
1100.44,-179.34,226.432
1225.368,-135.42,157.868
1158.756,-152.256,239.364
933.544,-110.776,191.052
898.164,-26.108,-21.96
844.728,78.812,-64.172
595.116,230.58,79.544
376.248,345.26,98.332
6.1,604.144,-10.98
-442.86,879.132,122.488
5.124,1029.924,-222.528
157.868,1147.532,-352.58
-166.164,1220.0,-406.748
-227.652,1152.168,-299.876
-136.396,1027.24,-429.44
-278.892,1031.388,-170.556
-202.764,992.104,-70.76
-192.272,946.964,6.588
-135.42,912.56,40.992
-122.488,937.204,115.168
192.272,942.084,-139.324
188.368,1026.508,-93.452
229.604,1067.744,-45.14
219.844,1079.7,-81.496
118.096,1086.532,-72.224
127.124,1093.364,-107.116
112.972,1088.24,-185.196
59.78,1065.792,-125.172
105.896,1045.052,-174.216
42.456,1023.58,-142.984
-2.684,1008.696,-66.368
-21.96,973.804,-58.316
51.24,928.664,-95.404
8.54,915.244,-38.308
26.352,924.272,-49.532
78.568,959.652,-84.912
74.664,994.788,-71.492
88.084,979.172,-76.86
180.072,962.58,-172.02
163.968,1002.84,-201.3
86.132,1035.536,-124.44
70.272,1021.14,-141.276
54.412,1009.184,-104.188
50.508,1005.036,-57.584
79.056,1001.132,-31.72
130.052,979.416,-24.156
135.42,970.144,-16.104
150.792,975.268,-42.7
119.316,985.516,-7.32
116.388,978.44,-5.612
102.236,974.536,5.612
126.392,977.464,-13.42
116.632,983.564,-15.616
168.36,971.12,-53.192
124.928,973.072,-42.456
117.364,973.56,-23.18
136.396,972.584,-47.092
101.016,981.856,-16.836
164.212,980.148,-37.576
138.348,983.32,-19.52
125.416,982.344,3.66
146.644,977.464,-19.764
135.908,968.924,-19.764
155.184,962.336,-41.236
123.952,965.508,-29.768
125.172,968.192,-28.548
130.54,965.02,-37.088
137.616,966.972,-45.384
166.164,972.828,-65.88
149.816,971.12,-42.456
147.376,956.724,-38.796
170.556,950.868,-56.852
169.336,945.256,-60.756
178.12,945.744,-56.608
181.536,959.164,-78.08
156.648,962.336,-45.872
186.416,953.552,-65.88
183.488,940.62,-82.96
161.528,935.008,-68.808
168.848,928.908,-32.696
202.032,910.852,-36.356
210.816,904.02,-29.036
191.54,898.652,-18.788
127.368,910.12,17.568
109.8,921.832,15.372
101.748,948.184,23.18
135.176,971.608,7.808
153.476,980.148,-25.864
133.712,984.784,-51.24
123.22,991.616,-46.848
155.672,999.18,-61.0
170.8,998.204,-69.784
180.072,981.612,-86.864
151.036,967.948,-90.28
116.388,950.38,-51.484
165.432,929.884,-75.884
172.996,950.868,-37.576
132.004,954.528,8.052
113.46,943.304,-10.98
160.064,933.788,-61.244
158.356,951.112,-31.964
157.136,978.684,-24.644
145.18,987.468,-57.584
124.928,978.684,-110.532
86.132,994.788,-101.748
92.964,1018.456,-83.936
164.456,1017.48,-116.388
189.588,1008.452,-113.46
142.496,1009.428,-65.148
89.06,1005.524,-81.252
100.528,992.104,-129.564
105.408,1018.944,-121.756
143.716,1054.812,-148.108
165.676,1087.996,-179.828
158.6,1098.488,-160.796
198.616,1089.216,-165.676
224.236,1084.58,-148.352
231.556,1073.112,-114.192
251.32,1051.64,-104.676
259.372,1037.244,-117.852
249.856,1036.024,-136.396
234.728,1040.904,-166.896
211.548,1032.852,-183.0
186.66,1033.096,-168.604
180.804,1039.44,-162.016
173.24,1034.56,-134.444
215.94,1017.968,-122.0
233.02,1010.892,-111.752
179.584,1041.392,-53.192
201.3,1071.404,-9.76
187.392,1074.82,16.348
239.852,1078.724,-5.368
308.416,1069.208,-44.408
314.272,1085.068,-33.428
191.54,1039.196,-42.944
286.456,971.608,-92.72
232.044,858.148,-96.38
206.424,751.032,-48.312
272.548,583.16,50.264
244.244,399.428,119.804
474.092,259.616,107.604
441.152,136.152,118.096
631.228,72.712,111.508
818.62,-69.784,92.232
960.628,-246.928,90.524
971.364,-310.368,226.92
1072.38,-295.728,176.412
1086.776,-318.664,140.056
1164.612,-327.692,45.384
1347.856,-380.152,-49.288
1233.42,-365.512,98.088
1177.788,-384.3,268.644
1317.356,-397.964,219.112
1363.96,-335.012,178.12
1442.772,-295.24,60.512
1539.152,-264.496,79.056
1367.62,-249.124,278.16
1507.432,-310.612,299.388
1606.984,-372.1,345.016
1824.144,-364.292,175.68
1869.528,-324.032,133.224
1809.504,-319.64,138.104
1733.376,-359.656,150.304
1580.876,-348.92,186.66
1419.348,-283.772,153.72
1368.84,-214.72,85.156
1364.692,-198.86,-12.688
1183.4,-160.552,65.392
1038.22,-187.636,177.632
1159.0,-263.52,66.124
1060.912,-296.46,-21.472
899.14,-209.352,-61.488
693.448,-250.1,-82.228
309.636,-278.404,82.96
276.94,-305.732,130.54
141.276,-272.548,72.224
100.528,-145.424,62.708
187.636,-77.592,-74.664
417.24,-9.272,-204.96
492.88,43.92,-281.82
698.084,63.928,-394.06
918.172,10.492,-550.708
1071.404,29.28,-761.036
1170.224,66.124,-907.68
1282.464,37.82,-1038.22
1302.472,-23.18,-1097.024
1129.72,-55.388,-1070.184
927.932,-67.588,-1032.364
710.772,-47.824,-943.792
532.408,-68.32,-741.516
406.016,-135.908,-539.728
238.876,-172.508,-351.116
181.292,-154.94,-192.76
155.916,-180.072,-84.18
194.224,-186.416,-7.076
128.1,-199.592,144.936
115.656,-235.948,384.788
81.252,-226.432,600.972
355.02,-228.872,681.492
606.584,-250.1,742.736
672.464,-167.628,908.168
826.672,-188.124,1042.368
953.796,-305.0,1077.504
1189.012,-359.9,1021.14
1120.204,-267.424,1132.648
1179.008,-274.988,1191.452
1073.112,-335.744,1146.068
1424.96,-316.468,956.48
1610.156,-335.256,843.996
1711.66,-402.112,723.704
1606.252,-542.168,582.184
1480.348,-572.424,522.16
1536.224,-588.04,413.58
1486.692,-718.58,270.84
1596.492,-737.856,-105.408
1551.596,-647.82,-273.28
1528.904,-546.804,-446.032
1459.852,-458.72,-563.396
1272.704,-386.008,-520.452
1185.84,-385.032,-477.02
1160.708,-376.736,-431.148
1093.12,-386.74,-435.296
1114.592,-288.164,-405.284
1053.836,-231.8,-401.868
1114.104,-213.012,-348.92
1044.076,-217.648,-248.148
1077.992,-221.796,-191.784
1223.172,-223.992,-173.972
1393.484,-271.816,-74.42
1521.828,-354.532,20.252
1544.276,-419.924,180.072
1466.196,-469.212,441.884
1371.768,-481.168,366.732
1193.892,-333.304,193.98
990.152,-96.136,136.396
762.256,1.22,62.464
414.8,197.64,96.624
309.636,423.584,-30.744
-187.636,615.124,199.104
-378.688,751.276,212.036
-77.592,790.56,-38.308
-54.168,880.108,-268.4
-255.468,942.084,-199.836
-210.572,940.864,-387.472
-205.936,913.292,-297.192
-120.78,908.168,-238.144
-180.804,896.212,-140.788
-80.032,889.624,-96.136
-89.792,914.756,-51.24
-54.412,913.048,-30.744
154.208,898.408,-293.044
113.46,1031.876,-302.072
126.636,1089.704,-258.64
194.468,1087.264,-393.084
178.608,1097.512,-383.812
164.7,1116.056,-284.016
184.464,1087.752,-298.168
142.984,1042.368,-179.828
123.22,993.08,-112.484
119.56,948.916,-98.576
131.76,927.444,-108.58
132.736,936.96,-83.448
195.688,930.372,-148.84
156.648,945.256,-144.204
143.472,962.336,-118.096
161.284,943.548,-145.424
163.48,928.176,-136.396
148.596,915.732,-95.892
190.32,908.168,-156.648
189.1,920.368,-159.088
218.624,946.964,-172.752
174.948,952.82,-157.624
89.792,944.036,-143.96
201.544,943.792,-200.812
180.072,953.552,-176.168
232.044,942.816,-207.644
244.732,945.256,-189.344
227.408,945.744,-158.112
240.584,958.188,-141.764
314.272,956.724,-182.024
275.964,952.088,-147.62
291.092,945.744,-178.608
269.62,924.76,-180.56
239.12,890.356,-174.704
244.244,862.296,-200.812
213.5,867.908,-221.552
222.772,885.232,-189.344
282.796,860.832,-204.716
303.536,839.604,-191.296
246.928,848.876,-149.816
250.344,864.248,-133.712
252.052,866.2,-113.704
282.308,876.692,-143.472
323.788,927.2,-179.584
275.964,952.088,-122.732
274.012,934.52,-109.068
255.712,923.296,-61.732
320.616,901.092,-62.22
369.904,909.632,-73.444
303.78,948.916,-11.712
309.392,993.08,-2.44
332.328,991.128,-4.636
385.032,959.652,-23.424
367.952,960.384,-29.768
301.584,990.396,15.86
317.932,1001.132,-6.832
342.332,1000.156,-16.836
356.484,1021.14,22.204
367.952,1051.396,10.736
355.752,1059.448,-0.976
376.004,1057.984,-28.792
381.372,1054.568,-49.288
421.144,1040.66,-38.796
433.588,1032.364,-68.808
341.356,1027.484,-1.952
332.084,1006.988,61.244
276.696,969.412,48.068
273.524,953.308,16.348
280.6,968.192,-40.016
313.052,990.64,-76.372
307.684,986.98,-90.768
305.244,987.956,-75.884
285.236,994.788,-72.956
265.472,989.908,-65.636
268.156,976.0,-82.716
263.276,970.144,-79.544
250.1,961.604,-61.976
243.024,956.48,-49.532
268.156,945.988,-49.288
306.464,955.016,-57.584
305.0,954.528,-59.536
297.68,954.04,-77.592
300.852,949.648,-57.096
331.84,959.896,-86.62
362.096,976.488,-98.576
349.164,984.54,-89.304
325.984,986.004,-55.144
353.556,968.436,-60.512
322.08,950.868,-57.828
271.572,950.38,-32.208
386.008,953.308,-84.424
365.756,975.756,-96.136
261.08,983.32,-40.992
237.9,958.432,-51.484
259.86,901.336,-89.792
420.412,858.636,-150.304
437.004,755.18,-105.652
424.072,649.528,-40.748
372.588,562.908,-50.264
318.176,519.72,-10.248
382.348,462.868,-17.812
446.276,421.144,-119.804
479.948,338.184,-130.296
432.368,243.268,5.368
557.296,81.252,135.176
796.416,-79.788,129.076
1433.012,-131.76,-45.872
1350.296,-277.916,-83.936
1128.744,-174.948,131.028
1142.896,-205.936,147.132
1239.764,-225.456,69.54
1424.228,-228.872,16.104
1443.504,-224.968,-41.724
1366.4,-207.644,-18.056
1220.732,-173.728,54.412
1219.512,-187.88,106.872
1417.396,-173.972,85.644
1494.012,-152.256,149.084
1583.072,-169.092,201.788
1645.048,-158.356,225.7
1878.068,-122.976,175.436
1965.42,-123.464,127.856
1902.468,-90.768,85.644
1775.832,-61.244,52.704
1728.496,-27.572,12.444
1647.976,-63.44,-4.636
1633.824,-27.816,-29.28
1427.644,0.488,111.508
1250.744,-69.784,229.36
1204.628,-135.664,155.428
1178.52,-116.876,122.244
973.316,-193.004,115.412
940.864,-182.024,40.992
750.544,-196.176,29.524
755.668,-130.54,10.492
532.164,-192.272,26.596
519.964,-169.58,-50.996
365.268,-101.748,-27.084
332.328,-43.676,-93.208
311.344,22.692,-220.332
434.076,75.396,-411.872
685.396,9.028,-775.188
941.108,-11.956,-1115.812
857.416,-17.812,-1198.772
765.672,40.016,-1090.924
622.688,4.392,-936.96
506.056,-39.284,-753.228
424.316,-58.072,-584.868
343.308,-47.092,-396.256
266.692,-96.868,-232.532
289.384,-126.636,-136.396
260.592,-124.684,-39.04
327.692,-108.092,5.368
290.848,-147.376,44.408
350.872,-74.176,199.104
337.208,-127.368,382.836
442.128,-247.172,404.552
648.308,-244.732,480.924
711.26,-124.928,752.984
771.772,-152.744,1000.4
1109.956,-309.636,960.384
1301.008,-320.616,934.764
1398.852,-128.1,1182.912
1408.124,-240.096,1133.624
1509.14,-322.08,953.552
1618.208,-282.552,789.828
1555.744,-160.308,734.928
1491.328,-124.684,577.792
1403.244,-118.34,396.744
1407.148,-92.72,258.64
1408.124,-101.992,232.044
1337.364,-148.352,154.452
1241.716,-201.544,0.488
1369.328,-189.588,-262.544
1457.656,-222.284,-555.588
1566.236,-160.552,-756.156
1468.88,-134.444,-752.984
1275.144,-123.464,-661.484
1241.228,-148.84,-606.584
1197.552,-234.728,-540.948
1266.36,-262.3,-526.064
1250.5,-282.552,-400.16
1428.62,-301.34,-333.548
1231.712,-406.26,-190.564
1438.136,-267.18,-136.152
1453.752,-238.632,28.304
1637.728,-195.444,-75.64
1670.424,-189.588,-11.956
1638.46,-260.348,41.724
1292.468,-246.684,130.784
917.196,-12.444,161.772
662.948,190.076,106.384
523.624,361.852,83.448
191.54,489.22,257.664
26.84,604.388,91.256
-208.62,776.652,149.328
-244.976,863.272,86.376
-152.988,815.204,-62.464
-10.736,772.992,-335.988
-266.692,830.332,-105.652
-222.04,769.576,-78.324
-166.652,746.884,-149.572
-246.684,826.916,-56.608
-286.7,907.436,32.208
-224.968,923.296,-32.208
-170.8,969.168,-5.124
-45.628,984.54,-15.616
17.812,1018.212,-47.092
-23.424,1035.536,39.528
23.18,1017.236,14.396
28.548,1044.32,-25.864
93.696,1086.776,-69.54
175.924,1097.268,-173.728
132.98,1113.128,-106.384
137.128,1081.652,-80.52
158.844,1022.116,-103.456
95.16,1006.256,-36.112
88.084,976.244,-15.128
135.664,945.744,-73.688
69.296,960.384,-31.232
70.516,973.316,-12.444
110.776,973.56,-45.384
62.464,992.836,-7.808
48.068,996.74,0.244
113.704,989.664,-61.976
98.576,989.908,-40.992
142.74,985.76,-35.136
122.732,1003.816,-24.156
105.652,994.056,11.224
126.636,985.516,8.296
135.176,975.756,3.172
113.216,960.872,12.932
107.116,963.068,5.124
125.172,961.36,-29.036
115.656,966.484,-27.328
177.388,982.1,-84.912
141.032,1006.5,-54.412
135.176,1005.768,-38.308
146.156,995.52,-29.28
129.808,986.736,-13.664
161.284,968.924,-32.208
165.92,974.292,-64.904
144.204,973.804,-64.172
132.248,966.728,-59.292
125.66,978.44,-45.872
114.192,967.46,-24.888
136.396,965.264,-27.084
144.448,960.14,-12.2
174.948,940.376,-10.98
199.592,931.104,-46.848
159.332,940.132,-3.172
163.968,940.864,-5.856
151.524,946.232,8.296
167.872,948.428,24.156
198.128,945.012,4.88
223.26,941.352,15.128
247.416,936.96,4.88
203.984,940.864,30.012
186.416,950.868,16.348
168.116,950.624,10.492
175.924,948.184,0.488
200.08,926.224,15.128
199.348,906.46,25.132
172.996,895.48,1.952
219.844,904.508,-20.74
242.536,937.448,5.856
266.448,945.744,11.712
217.648,957.456,47.336
222.284,962.336,26.352
233.02,966.972,-16.592
240.34,991.616,-43.92
263.764,1027.972,-61.244
257.176,1042.124,-65.88
259.128,1038.952,-83.936
251.076,1033.096,-65.148
274.256,1005.036,-81.984
245.952,974.292,-60.268
248.636,946.476,-93.94
197.884,943.06,-82.96
185.196,963.068,-90.524
187.148,987.712,-84.912
210.084,1007.72,-113.216
198.372,1013.088,-101.26
208.62,1016.504,-112.484
169.824,1006.744,-81.008
154.696,1004.304,-82.716
168.604,1004.06,-80.52
149.328,1012.356,-108.824
159.088,1038.22,-143.228
337.696,1086.532,-280.844
232.044,1112.152,-222.528
225.7,1087.752,-215.208
217.648,1039.684,-205.692
227.896,1000.156,-180.072
212.28,997.716,-117.12
245.952,975.268,-104.676
254.736,985.272,-90.036
267.912,991.616,-39.772
261.08,998.692,-39.772
261.568,1011.38,-10.736
256.2,999.424,40.748
171.044,1012.844,32.94
144.692,1042.124,46.848
160.552,1071.404,-12.688
190.32,1104.832,-140.544
133.468,1098.244,-163.236
99.064,985.76,-48.556
230.092,820.816,-55.876
189.588,671.244,16.104
268.888,557.784,14.64
325.252,446.276,29.768
366.732,328.668,-10.004
608.536,309.148,-15.372
681.492,121.268,54.656
915.976,-61.488,16.104
962.824,-211.304,89.792
1280.024,-141.52,11.956
1038.464,-175.192,66.856
1089.704,-180.804,184.952
1328.336,-296.46,58.316
1212.68,-348.188,125.904
1167.052,-359.168,316.956
1245.62,-376.248,212.28
1294.664,-334.036,137.372
1282.708,-232.044,123.708
1328.824,-203.008,205.692
1325.896,-228.384,336.232
1572.092,-259.616,321.836
1838.052,-268.156,325.008
2119.14,-259.128,172.264
2186.484,-281.576,207.156
2131.828,-320.128,177.144
2046.916,-327.936,199.592
1882.948,-300.364,211.06
1822.924,-275.476,50.264
1613.816,-272.548,-41.968
1381.772,-263.276,11.224
1010.648,-283.04,130.296
674.904,-309.88,271.572
462.624,-401.868,286.944
395.768,-478.972,174.704
438.468,-401.38,27.572
521.184,-385.276,-145.668
562.176,-291.824,-347.944
449.448,-242.048,-570.228
537.288,-142.252,-797.148
638.304,-94.916,-1044.564
579.744,-9.76,-1177.788
560.468,21.228,-1181.204
547.048,15.128,-1134.112
470.432,11.712,-1121.424
406.748,21.716,-963.8
244.976,12.444,-742.248
199.592,-36.6,-561.688
108.092,-80.032,-309.88
153.232,-100.772,-232.288
194.712,-155.916,-90.036
156.404,-187.88,142.74
183.732,-145.424,295.484
156.648,-163.724,366.488
320.616,-108.58,478.972
303.292,-162.748,666.608
549.244,-143.472,741.028
692.96,-118.34,854.244
695.888,-124.928,964.776
1012.844,-140.544,873.52
1149.972,-204.716,814.716
1247.084,-101.504,924.76
1252.452,-191.54,800.564
1209.508,-197.152,664.412
1153.388,50.996,734.928
1276.852,35.38,722.972
1447.164,-153.232,538.508
1641.632,-167.384,403.576
1625.04,-106.384,483.364
1547.448,-256.2,651.968
1369.816,-431.636,683.688
1511.824,-477.508,550.708
1633.824,-532.408,371.368
1549.4,-570.472,231.068
1639.436,-554.124,57.828
1491.328,-534.604,-46.36
1492.06,-423.096,-263.032
1427.644,-315.248,-469.212
1301.252,-199.836,-550.22
1157.536,-125.904,-510.692
1140.944,-138.836,-466.284
1131.184,-171.044,-428.22
1170.956,-134.688,-432.612
1085.068,-82.472,-319.396
997.228,-62.464,-278.404
1129.72,-55.876,-316.468
1118.984,-62.952,-221.308
1161.196,-85.644,-201.3
1158.512,-101.992,-61.488
1260.748,-106.872,30.5
1287.344,-133.956,108.336
1240.984,-137.128,292.556
1448.628,-173.728,333.792
1448.14,-263.276,355.02
1449.36,-161.528,215.94
1447.164,-113.948,-36.112
823.012,12.932,353.8
520.696,195.444,342.332
443.104,249.856,150.06
105.408,448.96,208.864
-357.216,760.06,311.588
-584.38,915.0,244.0
-99.064,920.368,-61.244
-29.768,939.4,-196.908
-93.452,927.688,-117.852
-60.024,897.432,-201.3
-33.428,847.9,-189.1
28.548,843.264,-156.404
42.944,868.64,-87.84
93.208,940.62,-98.332
20.252,981.856,-4.148
50.508,974.048,-2.196
189.1,942.084,-115.168
150.548,989.42,-56.608
223.992,998.936,-65.636
317.688,965.264,-156.16
252.784,1009.916,-142.008
221.308,1031.144,-115.412
247.904,1028.46,-162.26
215.208,1021.872,-146.4
173.484,1008.208,-118.096
187.392,986.492,-154.208
202.032,958.676,-160.308
227.408,916.464,-173.972
169.58,919.392,-145.18
130.052,962.824,-124.928
150.548,973.072,-113.948
128.588,964.776,-94.428
193.492,955.992,-100.528
199.592,966.484,-81.008
199.836,974.78,-84.912
198.372,984.052,-65.636
189.344,996.984,-58.072
192.76,996.984,-23.18
252.296,985.516,-30.256
257.908,961.36,-33.672
270.596,951.356,-61.732
264.008,953.796,-79.544
277.916,944.524,-110.044
278.648,927.932,-129.808
293.532,915.732,-143.96
267.912,904.996,-137.372
277.184,904.508,-174.46
274.744,905.972,-201.788
264.74,898.408,-205.448
242.78,891.332,-174.216
233.264,868.152,-170.312
216.184,873.276,-137.128
259.86,849.12,-150.548
253.76,884.744,-166.896
212.524,926.712,-141.764
258.64,915.0,-157.38
242.78,902.068,-139.568
210.572,925.492,-104.92
207.644,949.16,-77.348
239.852,916.952,-129.808
249.612,882.548,-156.16
209.352,949.648,-142.252
175.436,1041.148,-63.196
204.228,1031.632,-70.76
300.852,995.032,-118.096
271.328,992.104,-97.112
152.988,1071.892,-8.54
166.652,1056.764,16.104
227.408,1024.556,0.244
289.872,994.788,-33.672
292.8,990.64,-51.484
233.508,1010.648,-57.34
213.012,1018.456,-48.8
226.92,1006.256,-40.016
264.252,977.708,-73.2
264.252,935.496,-83.692
254.492,914.268,-80.276
207.644,920.368,-84.424
156.16,958.92,-52.948
191.052,972.34,-64.904
183.488,984.052,-22.936
351.848,971.852,-99.308
334.524,953.308,-99.308
287.432,938.912,-84.424
249.856,969.656,-33.184
225.7,1002.108,8.54
234.24,1025.044,49.776
315.492,1033.828,3.904
351.36,1012.6,-25.62
305.732,980.636,-4.148
314.028,959.652,-39.528
296.948,948.916,-48.312
264.984,951.844,-31.72
244.0,960.872,-43.432
268.888,974.292,-86.62
233.508,998.936,-43.92
269.62,1014.308,-33.916
268.644,1018.456,-45.384
298.9,1009.428,-24.888
283.04,987.224,-7.076
282.552,969.9,-34.404
269.376,990.396,-43.432
256.2,1025.532,-54.168
216.428,1048.956,-50.264
227.408,1062.864,-65.148
229.848,1052.86,-89.304
222.528,1042.612,-107.848
244.732,1044.564,-131.028
226.676,1047.736,-107.36
196.908,1057.252,-77.348
195.444,1054.08,-101.26
170.8,1038.464,-107.116
92.964,1028.216,-67.344
75.64,1017.724,-74.908
62.952,990.396,-88.328
127.124,951.6,-114.192
184.708,910.12,-170.8
181.048,864.004,-173.972
225.7,716.384,-181.292
153.232,537.044,-102.236
87.84,408.456,23.912
153.72,240.096,75.152
393.572,147.864,7.32
566.324,69.784,-47.092
615.368,10.736,-87.108
975.024,-15.86,-53.924
813.984,-162.504,123.464
606.828,-283.04,176.9
1090.436,-339.648,-30.988
1537.688,-413.58,-299.144
1301.008,-364.536,114.68
1337.608,-366.488,260.836
1362.74,-451.888,245.464
1414.956,-436.76,198.616
1534.76,-376.248,2.928
1334.68,-320.128,96.624
1150.46,-343.064,169.336
1215.852,-365.512,117.852
1325.652,-372.1,57.828
1316.868,-359.9,26.596
1183.888,-335.5,28.304
1156.316,-313.54,1.708
1215.364,-308.172,10.004
1305.156,-308.904,-17.568
1406.416,-272.792,-34.648
1489.132,-278.648,-61.732
1550.864,-255.468,-80.52
1636.02,-232.532,-78.812
1723.616,-259.372,-80.276
1732.888,-228.872,-7.076
1747.284,-225.456,-17.324
1693.848,-217.16,-28.548
1809.992,-215.696,-84.668
1722.152,-228.384,-34.648
1560.868,-246.928,0.976
1527.928,-260.836,-2.44
1352.736,-264.008,59.048
1089.216,-256.2,133.712
881.572,-244.488,209.108
802.028,-189.344,172.752
585.356,-132.98,153.72
492.392,-105.164,72.224
284.016,-81.496,98.088
208.62,-66.368,50.02
285.236,-95.648,-22.448
259.372,-100.284,-95.892
398.696,-116.388,-242.78
739.808,-140.544,-449.204
1016.992,-149.572,-745.664
1119.472,-156.892,-907.436
1173.64,-38.308,-1147.044
971.12,23.668,-1132.16
768.844,25.62,-958.432
412.36,-60.512,-721.752
111.264,-62.952,-431.88
-50.752,-99.064,-235.216
-49.288,-130.052,-136.884
-0.488,-121.024,14.396
-53.436,-184.22,276.452
35.38,-253.272,361.364
111.508,-312.32,377.956
322.812,-279.868,328.424
384.544,-178.364,421.144
434.808,-99.064,514.596
542.9,-41.724,512.644
691.008,-34.16,486.536
877.912,-27.328,558.76
1005.036,-24.644,610.976
1198.528,-15.616,759.328
1429.596,-107.604,747.128
1378.6,-197.884,875.228
1523.048,-252.54,801.54
1618.208,-334.768,665.632
1698.972,-310.612,572.912
1638.216,-366.732,476.044
1534.516,-446.276,396.744
1529.636,-517.036,201.056
1673.596,-533.384,-23.18
1703.608,-600.972,-252.54
1654.076,-589.26,-428.952
1563.552,-550.952,-524.356
1507.676,-505.324,-524.6
1465.22,-447.74,-483.608
1488.156,-424.56,-396.256
1305.4,-484.34,-227.652
1232.2,-447.74,-124.684
1158.756,-419.68,-5.368
1117.52,-393.572,90.036
1176.324,-382.348,178.364
1350.052,-432.368,261.324
1515.24,-486.048,351.848
1605.276,-525.576,429.44
1794.376,-527.284,447.252
1782.176,-574.62,333.548
1701.656,-528.992,75.152
1236.592,-322.08,228.14
906.216,-127.124,153.964
393.572,-51.728,219.6
-77.836,164.7,257.908
99.796,412.36,-81.008
-412.848,648.308,182.268
-20.252,717.36,-55.144
-63.684,718.58,-31.72
9.272,708.088,-144.204
-101.504,854.0,-143.96
-112.484,892.552,-113.46
-48.068,864.736,-111.264
-68.32,843.508,-61.976
-96.868,873.764,33.672
82.472,865.956,-86.376
151.036,906.948,-73.688
250.344,955.748,-16.348
230.824,1006.012,-18.056
193.736,1024.556,6.588
207.888,1020.164,-45.14
228.384,1009.428,-86.864
182.024,1023.336,-59.048
114.924,1012.112,-9.272
146.644,1018.7,-88.572
122.0,1029.924,-91.256
188.368,1049.2,-196.664
142.496,1044.076,-97.356
141.032,1016.26,-43.188
190.808,971.608,-17.568
129.32,942.572,87.84
186.172,914.756,56.364
193.492,922.808,43.188
203.252,927.444,30.256
235.704,952.82,-2.44
194.224,982.588,55.876
189.344,970.632,61.976
240.096,962.824,5.856
199.104,974.536,40.504
172.996,972.828,17.568
177.876,953.796,-25.376
159.82,975.512,-8.784
149.816,983.076,-7.808
231.312,981.368,-70.76
215.94,1012.844,-23.424
223.748,1003.084,2.44
264.496,985.272,-7.808
242.292,969.656,61.488
224.724,957.944,82.228
252.052,954.284,40.748
232.288,963.556,33.672
192.272,974.78,46.36
243.512,970.144,-9.272
201.788,970.876,24.4
218.624,971.852,16.348
218.624,979.416,25.864
284.504,980.148,16.836
291.58,990.152,31.232
276.94,1001.132,56.608
269.864,1013.332,91.256
239.852,1007.476,126.88
275.964,997.716,98.82
243.024,1001.864,116.632
245.22,1006.256,111.752
243.512,1012.356,109.8
285.968,1016.016,65.148
280.112,1006.5,79.3
264.984,989.176,53.924
200.08,953.552,87.84
160.308,914.756,102.48
143.472,904.752,82.472
206.668,926.468,49.532
229.36,944.036,38.796
248.636,946.72,36.356
231.068,946.476,38.552
228.628,930.128,49.288
234.972,926.712,31.964
232.532,936.96,26.108
227.408,976.976,40.016
244.0,1005.768,22.936
249.124,996.74,49.288
284.26,947.452,-8.54
236.68,914.512,47.336
251.564,886.208,81.008
219.844,883.28,112.24
217.892,840.824,85.4
241.072,862.296,-7.808
227.896,926.712,-31.964
248.88,939.4,-70.028
204.716,955.504,-34.648
185.44,939.644,1.952
166.164,908.412,44.164
226.432,875.716,-53.192
214.232,886.94,-34.892
241.072,895.968,-49.776
226.92,929.396,-114.192
224.236,980.88,-78.08
259.616,1032.364,-147.132
201.3,1035.78,-139.08
193.98,988.932,-112.728
164.7,941.596,-84.912
190.808,955.992,-109.8
236.192,989.664,-103.944
284.504,1018.944,-141.764
291.824,1048.468,-142.984
296.948,1059.448,-137.616
261.568,1068.232,-128.832
251.564,1067.256,-125.904
259.372,1076.04,-144.204
271.572,1078.48,-143.472
300.12,1073.112,-139.568
290.116,1054.324,-103.7
286.456,1028.216,-79.544
270.596,1001.864,-65.636
274.744,982.588,-62.22
267.912,969.656,-51.728
263.764,951.844,-57.828
244.732,944.28,-39.772
249.612,934.032,-31.232
252.54,931.348,-24.644
262.3,926.224,-25.132
248.636,946.476,-12.444
263.764,976.976,-20.984
274.256,1016.504,-21.716
270.108,1057.496,-16.348
213.5,1084.58,14.64
159.332,1087.264,20.74
57.584,1077.016,-3.172
82.472,1068.964,-36.112
142.008,987.468,-129.076
110.044,917.928,-158.356
79.056,782.752,-153.476
-20.252,671.976,-92.72
116.632,530.212,-93.452
200.08,275.476,-32.208
277.184,71.736,-11.956
652.456,-30.5,-81.984
750.3,-177.876,-16.348
602.924,-261.324,347.456
1066.524,-363.316,273.036
1251.232,-460.916,37.088
1333.948,-430.904,-69.784
1365.18,-339.404,6.832
1301.008,-406.016,160.552
1365.668,-528.26,234.972
1538.176,-564.86,145.18
1595.516,-396.256,106.14
1651.392,-201.788,185.928
1894.904,-203.252,222.772
2186.728,-237.656,288.164
2393.396,-245.22,335.012
2596.404,-364.048,258.396
2663.992,-463.112,103.7
2594.94,-448.716,-73.2
2410.232,-447.74,-49.288
1816.824,-514.596,166.164
1454.24,-553.148,230.092
916.952,-531.92,311.1
561.2,-344.04,250.832
464.82,-278.404,22.692
426.512,-320.128,-58.804
391.376,-386.984,-72.224
265.472,-359.168,-13.42
276.208,-318.908,-89.792
133.956,-312.564,-45.384
207.888,-204.96,-86.62
165.92,-173.972,-45.384
252.54,-133.712,-119.316
275.476,-46.116,-148.596
385.764,72.712,-244.0
472.872,108.58,-392.84
663.68,152.744,-533.628
811.056,134.2,-748.104
1058.716,149.084,-1104.832
1202.432,139.568,-1441.552
1006.012,196.176,-1551.352
884.256,202.764,-1616.5
673.44,138.348,-1437.648
408.7,10.004,-1212.192
165.676,-83.204,-880.84
-49.288,-156.648,-643.672
-175.68,-208.132,-297.924
-210.572,-303.048,-31.232
-253.272,-400.892,296.948
-360.388,-436.028,689.788
-202.032,-446.276,922.808
99.552,-501.664,1260.504
423.096,-486.78,1403.244
587.796,-394.792,1551.108
1012.112,-385.764,1501.088
1579.168,-377.712,1359.324
1770.708,-443.348,1348.588
2043.5,-439.932,1228.54
1944.192,-454.572,1017.724
1809.748,-453.596,745.908
1738.988,-386.252,635.376
1530.368,-291.336,688.812
1500.6,-455.304,494.344
1588.684,-515.328,98.088
1728.252,-491.904,-305.732
1779.98,-461.892,-370.392
1539.884,-490.684,-442.86
1293.932,-389.424,-438.712
1352.004,-387.716,-523.38
1506.944,-422.852,-714.432
1455.704,-368.928,-823.988
1224.392,-308.172,-676.856
1118.496,-300.12,-537.044
1104.1,-318.664,-507.764
1069.696,-276.208,-447.984
965.508,-219.356,-315.492
990.152,-187.392,-267.668
988.688,-202.276,-204.96
1010.648,-190.564,-186.904
1035.536,-195.2,-96.624
1163.148,-226.432,-83.448
1317.356,-261.568,26.352
1562.088,-335.744,54.9
1705.072,-488.0,125.904
1654.076,-532.652,259.616
1773.148,-378.444,74.908
1565.748,-327.936,146.888
1535.248,-276.208,-116.388
905.972,-287.432,172.264
362.828,-31.476,372.344
178.364,89.792,199.592
-490.684,367.708,355.996
-468.968,757.62,149.572
-60.268,883.036,-143.472
-228.14,863.516,-155.184
-144.448,792.512,-344.528
-191.052,794.22,-238.632
-164.944,811.544,-146.4
-139.568,830.82,-111.996
-58.804,884.744,-237.412
-114.192,935.984,-156.648
-44.652,931.836,-265.472
-113.948,916.464,-296.46
-116.144,945.988,-193.492
15.372,965.508,-254.736
-8.54,1009.184,-173.24
62.708,1005.28,-161.284
171.044,995.032,-291.092
112.484,1030.9,-169.58
116.876,1004.304,-155.672
109.556,981.124,-193.492
133.468,1008.696,-242.048
117.608,1029.924,-180.072
182.268,1012.356,-309.88
129.808,1028.46,-248.636
154.696,1005.28,-220.088
131.516,983.564,-179.096
143.716,973.56,-170.068
163.724,981.856,-174.216
168.36,983.564,-177.388
177.388,978.684,-170.068
176.9,967.46,-132.004
166.652,968.924,-160.308
178.852,985.028,-168.36
164.944,993.08,-183.0
154.696,998.692,-181.048
155.916,991.86,-202.52
163.724,987.224,-201.544
190.564,986.004,-202.52
166.896,987.956,-190.808
187.392,981.856,-193.492
194.712,969.168,-180.072
190.808,958.676,-188.368
181.78,948.916,-200.568
180.804,955.748,-222.528
151.768,973.072,-187.392
162.504,966.484,-208.132
166.408,974.292,-269.864
148.596,995.276,-242.048
149.328,999.912,-195.444
171.288,978.44,-199.348
171.288,964.044,-139.568
183.732,954.772,-167.628
165.432,958.676,-132.492
171.288,961.36,-131.028
162.748,965.996,-126.392
165.432,951.112,-98.088
178.608,934.52,-118.584
162.748,926.224,-116.388
176.412,928.42,-124.928
186.172,927.932,-128.1
175.436,929.152,-113.704
149.572,924.76,-110.532
138.104,916.464,-114.192
141.276,910.608,-105.896
150.06,902.068,-101.992
165.92,876.204,-105.408
182.512,856.196,-104.188
193.736,846.924,-121.268
180.316,850.828,-103.456
187.636,867.42,-102.236
192.028,863.272,-52.704
237.412,840.58,-53.924
252.052,812.52,-70.272
223.26,816.18,-95.16
178.364,839.36,-61.732
190.808,868.64,-58.316
204.228,857.416,-63.928
247.66,833.992,-90.28
239.364,833.26,-91.988
186.416,854.732,-78.324
180.56,876.448,-61.244
194.224,896.212,-96.38
180.316,993.08,-92.72
181.048,1040.66,-56.12
186.66,1022.36,-76.86
172.996,1015.772,-67.832
140.788,1040.66,-26.352
153.964,1069.452,-18.788
206.668,1102.392,-3.66
260.592,1115.568,-10.736
255.224,1138.016,-10.98
231.556,1118.008,-17.08
184.22,1111.908,-0.244
210.328,1115.812,28.792
272.548,1127.28,-8.784
270.352,1142.408,-5.124
319.884,1154.364,-16.104
281.82,1133.624,21.472
226.432,1107.516,58.56
284.992,1119.228,32.696
253.272,1109.224,30.012
239.12,1083.116,-29.524
202.276,1041.636,-70.028
144.448,993.324,-96.868
253.516,941.84,-179.584
354.288,853.512,-171.776
314.76,767.136,-71.736
292.312,671.732,-38.064
392.596,533.384,-87.352
445.056,427.0,-16.836
492.636,316.224,26.352
510.204,220.088,59.292
573.156,147.62,97.112
767.624,41.968,-11.224
811.056,-0.488,-156.16
875.716,-123.952,-135.176
1190.476,-202.032,-159.088
1128.988,-242.292,12.444
1136.552,-330.864,155.428
1410.32,-394.548,75.152
1498.648,-397.476,137.372
1564.772,-387.472,244.488
1629.676,-417.24,301.096
2076.44,-423.828,64.66
2445.124,-340.868,-89.06
2455.86,-305.244,-11.468
2395.104,-390.888,31.232
2296.528,-468.236,131.272
2057.164,-529.48,264.984
1903.444,-472.872,277.672
1757.776,-468.968,124.196
1464.488,-401.624,42.212
1155.828,-376.248,110.776
966.728,-354.776,232.776
884.256,-379.908,146.156
818.376,-358.192,123.22
751.276,-379.42,103.944
861.076,-402.6,33.428
922.076,-442.128,-217.892
688.324,-401.868,-435.296
582.916,-369.904,-532.408
489.22,-312.32,-617.076
484.34,-319.152,-736.392
294.264,-303.536,-766.404
183.732,-166.408,-773.968
91.988,-92.72,-694.18
3.904,1.952,-645.136
-69.296,51.24,-657.336
-88.328,105.164,-600.972
-7.808,116.876,-531.188
-54.168,95.16,-387.228
-28.792,106.14,-307.44
70.272,82.228,-302.072
110.044,48.312,-243.756
261.568,77.836,-193.98
215.94,92.232,-78.812
303.536,62.708,60.268
378.444,-0.976,210.572
473.604,-11.712,401.868
749.08,-2.928,526.308
994.056,-113.948,661.484
1287.588,-164.212,675.148
1360.544,-175.68,802.516
1251.476,-151.768,867.42
1320.284,-44.896,756.888
1352.736,-7.076,707.356
1431.548,-15.86,573.644
1253.428,62.708,722.484
1161.44,30.256,759.084
1382.26,-90.524,557.052
1527.44,-146.888,412.36
1313.452,-36.356,499.956
1156.316,-8.296,538.752
1054.324,-83.204,473.116
1323.456,-147.376,234.728
1517.68,-132.492,26.84
1398.12,-147.62,9.272
1389.824,-161.284,-102.48
1362.008,-212.036,-249.124
1371.768,-267.18,-269.864
1473.272,-294.02,-451.4
1517.192,-348.92,-516.304
1410.32,-318.176,-460.916
1316.38,-304.512,-425.536
1200.236,-285.236,-330.132
1123.864,-247.172,-276.208
1080.188,-255.468,-251.564
1085.312,-187.636,-265.716
1081.652,-143.96,-226.432
1047.004,-140.056,-183.244
1106.052,-114.68,-150.548
1128.744,-111.508,-63.684
1248.548,-157.624,-17.324
1316.38,-176.168,203.496
1475.224,-200.812,170.068
1567.7,-233.02,150.548
1685.552,-252.296,135.908
1809.504,-233.264,-155.184
1175.104,-183.0,207.644
901.092,-92.476,95.16
425.78,60.512,299.144
296.46,193.492,138.348
357.46,356.728,-158.6
-611.22,740.784,263.276
-200.324,920.856,80.032
242.292,841.8,-256.444
24.156,953.308,-275.476
6.1,989.176,-252.052
-65.88,932.568,-287.676
-115.168,840.58,-248.636
-66.612,823.5,-132.248
-144.204,850.34,-23.912
-237.9,869.128,82.472
-117.852,889.136,91.012
-83.936,933.788,111.264
33.184,968.192,67.344
104.432,986.98,-3.416
84.912,1009.916,26.596
146.644,1034.072,4.88
127.368,1050.664,-13.908
135.908,1071.16,-64.66
204.716,1073.112,-122.976
175.192,1082.14,-101.504
182.512,1066.28,-85.888
126.88,1043.344,-50.02
137.372,1001.62,-69.54
97.112,1006.256,-62.952
141.032,1009.916,-108.58
175.924,1007.72,-133.468
156.16,1002.596,-104.188
168.604,1021.628,-163.236
75.396,1040.416,-92.964
88.572,1036.756,-75.884
73.444,1037.488,-54.9
73.688,1017.724,-21.96
117.12,981.612,-25.376
84.912,974.292,16.104
87.596,945.988,43.676
130.296,920.612,7.564
107.604,936.228,-2.684
106.628,945.012,-7.808
88.084,940.62,-22.448
72.712,969.412,-61.732
65.392,998.448,-58.316
84.424,1006.744,-63.44
131.028,1012.112,-106.14
165.188,1019.432,-123.464
162.992,1018.456,-83.204
166.164,998.692,-60.268
158.844,989.176,-33.916
93.208,986.492,4.88
90.768,982.344,-1.952
123.464,987.712,-47.336
96.38,993.08,-24.888
106.384,978.684,-43.92
120.048,969.656,-64.904
117.364,957.7,-61.0
139.812,957.456,-68.076
185.928,975.024,-112.24
168.116,994.056,-75.396
165.432,1000.644,-50.996
157.868,980.88,-44.408
179.34,964.776,-52.46
184.22,976.0,-49.288
162.504,980.88,-44.408
130.052,984.54,-42.456
105.164,982.832,-41.236
91.744,986.004,-54.9
114.68,999.424,-75.64
114.68,1000.644,-72.956
119.56,990.884,-60.268
172.02,976.0,-85.156
143.96,971.852,-38.552
149.816,962.336,-24.888
157.136,956.724,-32.208
162.016,958.188,-44.652
158.6,977.952,-27.084
176.656,987.468,-52.216
180.804,995.276,-58.804
160.064,994.3,-34.892
149.572,986.98,-20.008
154.452,976.0,-1.952
158.356,970.632,0.0
143.716,969.9,15.128
133.468,970.876,-7.808
132.248,973.56,-25.376
133.224,992.348,-43.432
167.14,1006.988,-69.54
155.184,1016.504,-58.316
154.452,1011.38,-47.336
178.364,992.104,-71.492
169.092,988.444,-42.944
184.464,976.976,-35.868
175.436,974.536,-33.428
